{"cameraMode":{"drawMode":0,"name":"Shaded","section":"Shading Mode"},"sceneLighting":true,"audioPlay":false,"sceneViewState":{"showFog":true,"showMaterialUpdate":false,"showSkybox":false,"showFlares":true,"showImageEffects":true,"showParticleSystems":true},"in2DMode":false,"pivot":{"x":-10.832096099853516,"y":-20.54608154296875,"z":8.346759796142579},"rotation":{"x":0.5749645233154297,"y":-0.06823249161243439,"z":0.048337168991565707,"w":0.8139664530754089},"size":51.64202880859375,"orthographic":false}