{"cameraMode":{"drawMode":0,"name":"Shaded","section":"Shading Mode"},"sceneLighting":false,"audioPlay":false,"sceneViewState":{"showFog":true,"showMaterialUpdate":false,"showSkybox":false,"showFlares":true,"showImageEffects":true,"showParticleSystems":true},"in2DMode":false,"pivot":{"x":27.197999954223634,"y":10.526000022888184,"z":28.485000610351564},"rotation":{"x":0.1425488293170929,"y":0.854106605052948,"z":-0.31013351678848269,"w":0.39253750443458559},"size":0.4330126941204071,"orthographic":false}