{"cameraMode":{"drawMode":0,"name":"Shaded","section":"Shading Mode"},"sceneLighting":false,"audioPlay":false,"sceneViewState":{"showFog":true,"showMaterialUpdate":false,"showSkybox":false,"showFlares":true,"showImageEffects":true,"showParticleSystems":true},"in2DMode":false,"pivot":{"x":23.899999618530275,"y":8.869999885559082,"z":32.86000061035156},"rotation":{"x":-0.037372980266809466,"y":0.8958631753921509,"z":-0.4360710382461548,"w":-0.07678335160017014},"size":0.3201572895050049,"orthographic":false}